Date,Project,Target Keyword,Target Page URL,Backlink Type,Website/Platform,Contact Name,Email,Domain,Anchor Text,Status,Outreach Date,Follow-Up Date,Live Link URL,Link Status,Notes
2026-09-29,Brewing Ideaz SEO,Best brand design company in Bangalore,https://example.com/best-brand-design-company-in-bangalore,Guest Post,, , , , ,Not Started, , , , , ,
2026-09-29,Brewing Ideaz SEO,Best brand design company in Kolkata,https://example.com/best-brand-design-company-in-kolkata,Guest Post,, , , , ,Not Started, , , , , ,
2026-09-29,Brewing Ideaz SEO,Best digital marketing agency in Bangalore,https://example.com/best-digital-marketing-agency-in-bangalore,Guest Post,, , , , ,Not Started, , , , , ,
2026-09-29,Brewing Ideaz SEO,Best digital marketing agency in Kolkata,https://example.com/best-digital-marketing-agency-in-kolkata,Guest Post,, , , , ,Not Started, , , , , ,
2026-09-29,Brewing Ideaz SEO,Best web design company in Bangalore,https://example.com/best-web-design-company-in-bangalore,Guest Post,, , , , ,Not Started, , , , , ,
2026-09-29,Brewing Ideaz SEO,Best web design company in Kolkata,https://example.com/best-web-design-company-in-kolkata,Guest Post,, , , , ,Not Started, , , , , ,
2026-09-29,Brewing Ideaz SEO,Best web development company in Bangalore,https://example.com/best-web-development-company-in-bangalore,Guest Post,, , , , ,Not Started, , , , , ,
2026-09-29,Brewing Ideaz SEO,Best web development company in Kolkata,https://example.com/best-web-development-company-in-kolkata,Guest Post,, , , , ,Not Started, , , , , ,
2026-09-29,Brewing Ideaz SEO,Best website design company in Bangalore,https://example.com/best-website-design-company-in-bangalore,Guest Post,, , , , ,Not Started, , , , , ,
2026-09-29,Brewing Ideaz SEO,Best website design company in Kolkata,https://example.com/best-website-design-company-in-kolkata,Guest Post,, , , , ,Not Started, , , , , ,
