Date Added,Project,Target Keyword,Target Page URL,City,Backlink Type,Prospect Website,Prospect URL,Contact Name,Email,Domain Authority,Relevance (1-5),Priority,Anchor Text,Status,Outreach Date,Follow-Up Date,Live Link URL,Link Status,Days Open,Next Action,Notes
2026-09-29,Brewing Ideaz SEO,Best brand design company in Bangalore,REPLACE_WITH_LIVE_URL,Bangalore,Guest Post,,,,,,5,High,,Not Started,,, ,Not Live,"=IF(O2=\"Live\",0,IF(P2=\"\",TODAY()-A2,TODAY()-P2))","Add prospect and send personalized pitch",
2026-09-29,Brewing Ideaz SEO,Best brand design company in Kolkata,REPLACE_WITH_LIVE_URL,Kolkata,Guest Post,,,,,,5,High,,Not Started,,,,Not Live,"=IF(O3=\"Live\",0,IF(P3=\"\",TODAY()-A3,TODAY()-P3))","Add prospect and send personalized pitch",
2026-09-29,Brewing Ideaz SEO,Best digital marketing agency in Bangalore,REPLACE_WITH_LIVE_URL,Bangalore,Guest Post,,,,,,5,High,,Not Started,,,,Not Live,"=IF(O4=\"Live\",0,IF(P4=\"\",TODAY()-A4,TODAY()-P4))","Add prospect and send personalized pitch",
2026-09-29,Brewing Ideaz SEO,Best digital marketing agency in Kolkata,REPLACE_WITH_LIVE_URL,Kolkata,Guest Post,,,,,,5,High,,Not Started,,,,Not Live,"=IF(O5=\"Live\",0,IF(P5=\"\",TODAY()-A5,TODAY()-P5))","Add prospect and send personalized pitch",
2026-09-29,Brewing Ideaz SEO,Best web design company in Bangalore,REPLACE_WITH_LIVE_URL,Bangalore,Guest Post,,,,,,5,High,,Not Started,,,,Not Live,"=IF(O6=\"Live\",0,IF(P6=\"\",TODAY()-A6,TODAY()-P6))","Add prospect and send personalized pitch",
2026-09-29,Brewing Ideaz SEO,Best web design company in Kolkata,REPLACE_WITH_LIVE_URL,Kolkata,Guest Post,,,,,,5,High,,Not Started,,,,Not Live,"=IF(O7=\"Live\",0,IF(P7=\"\",TODAY()-A7,TODAY()-P7))","Add prospect and send personalized pitch",
2026-09-29,Brewing Ideaz SEO,Best web development company in Bangalore,REPLACE_WITH_LIVE_URL,Bangalore,Guest Post,,,,,,5,High,,Not Started,,,,Not Live,"=IF(O8=\"Live\",0,IF(P8=\"\",TODAY()-A8,TODAY()-P8))","Add prospect and send personalized pitch",
2026-09-29,Brewing Ideaz SEO,Best web development company in Kolkata,REPLACE_WITH_LIVE_URL,Kolkata,Guest Post,,,,,,5,High,,Not Started,,,,Not Live,"=IF(O9=\"Live\",0,IF(P9=\"\",TODAY()-A9,TODAY()-P9))","Add prospect and send personalized pitch",
2026-09-29,Brewing Ideaz SEO,Best website design company in Bangalore,REPLACE_WITH_LIVE_URL,Bangalore,Guest Post,,,,,,5,High,,Not Started,,,,Not Live,"=IF(O10=\"Live\",0,IF(P10=\"\",TODAY()-A10,TODAY()-P10))","Add prospect and send personalized pitch",
2026-09-29,Brewing Ideaz SEO,Best website design company in Kolkata,REPLACE_WITH_LIVE_URL,Kolkata,Guest Post,,,,,,5,High,,Not Started,,,,Not Live,"=IF(O11=\"Live\",0,IF(P11=\"\",TODAY()-A11,TODAY()-P11))","Add prospect and send personalized pitch",
